INSERT INTO AUTHOR (id, name, surname, description, born_date) values(1, 'Author name: 1','Author surname: 1','Author description: 1','2018-01-24T14:08:25.803232900');
INSERT INTO AUTHOR (id, name, surname, description, born_date) values(2, 'Author name: 2','Author surname: 2','Author description: 2','2018-01-25T14:08:25.804531200');
INSERT INTO AUTHOR (id, name, surname, description, born_date) values(3, 'Author name: 3','Author surname: 3','Author description: 3','2018-01-26T14:08:25.805536100');
INSERT INTO AUTHOR (id, name, surname, description, born_date) values(4, 'Author name: 4','Author surname: 4','Author description: 4','2018-01-27T14:08:25.805536100');
INSERT INTO AUTHOR (id, name, surname, description, born_date) values(5, 'Author name: 5','Author surname: 5','Author description: 5','2018-01-28T14:08:25.806849200');
INSERT INTO AUTHOR (id, name, surname, description, born_date) values(6, 'Author name: 6','Author surname: 6','Author description: 6','2018-01-29T14:08:25.806849200');
INSERT INTO AUTHOR (id, name, surname, description, born_date) values(7, 'Author name: 7','Author surname: 7','Author description: 7','2018-01-30T14:08:25.808225100');
INSERT INTO AUTHOR (id, name, surname, description, born_date) values(8, 'Author name: 8','Author surname: 8','Author description: 8','2018-01-31T14:08:25.808225100');
INSERT INTO AUTHOR (id, name, surname, description, born_date) values(9, 'Author name: 9','Author surname: 9','Author description: 9','2018-02-01T14:08:25.809404');
INSERT INTO AUTHOR (id, name, surname, description, born_date) values(10, 'Author name: 10','Author surname: 10','Author description: 10','2018-02-02T14:08:25.810251700');
INSERT INTO AUTHOR (id, name, surname, description, born_date) values(11, 'Author name: 11','Author surname: 11','Author description: 11','2018-02-03T14:08:25.810654300');
INSERT INTO AUTHOR (id, name, surname, description, born_date) values(12, 'Author name: 12','Author surname: 12','Author description: 12','2018-02-04T14:08:25.810654300');
INSERT INTO AUTHOR (id, name, surname, description, born_date) values(13, 'Author name: 13','Author surname: 13','Author description: 13','2018-02-05T14:08:25.812688200');
INSERT INTO AUTHOR (id, name, surname, description, born_date) values(14, 'Author name: 14','Author surname: 14','Author description: 14','2018-02-06T14:08:25.815589800');
INSERT INTO AUTHOR (id, name, surname, description, born_date) values(15, 'Author name: 15','Author surname: 15','Author description: 15','2018-02-07T14:08:25.815589800');
INSERT INTO AUTHOR (id, name, surname, description, born_date) values(16, 'Author name: 16','Author surname: 16','Author description: 16','2018-02-08T14:08:25.815589800');
INSERT INTO AUTHOR (id, name, surname, description, born_date) values(17, 'Author name: 17','Author surname: 17','Author description: 17','2018-02-09T14:08:25.817521200');
INSERT INTO AUTHOR (id, name, surname, description, born_date) values(18, 'Author name: 18','Author surname: 18','Author description: 18','2018-02-10T14:08:25.818563700');
INSERT INTO AUTHOR (id, name, surname, description, born_date) values(19, 'Author name: 19','Author surname: 19','Author description: 19','2018-02-11T14:08:25.819716300');
INSERT INTO AUTHOR (id, name, surname, description, born_date) values(20, 'Author name: 20','Author surname: 20','Author description: 20','2018-02-12T14:08:25.820576400');
INSERT INTO AUTHOR (id, name, surname, description, born_date) values(21, 'Author name: 21','Author surname: 21','Author description: 21','2018-02-13T14:08:25.820576400');
INSERT INTO AUTHOR (id, name, surname, description, born_date) values(22, 'Author name: 22','Author surname: 22','Author description: 22','2018-02-14T14:08:25.821577200');
INSERT INTO AUTHOR (id, name, surname, description, born_date) values(23, 'Author name: 23','Author surname: 23','Author description: 23','2018-02-15T14:08:25.821577200');
INSERT INTO AUTHOR (id, name, surname, description, born_date) values(24, 'Author name: 24','Author surname: 24','Author description: 24','2018-02-16T14:08:25.822707900');
INSERT INTO AUTHOR (id, name, surname, description, born_date) values(25, 'Author name: 25','Author surname: 25','Author description: 25','2018-02-17T14:08:25.823709900');
INSERT INTO AUTHOR (id, name, surname, description, born_date) values(26, 'Author name: 26','Author surname: 26','Author description: 26','2018-02-18T14:08:25.824589100');
INSERT INTO AUTHOR (id, name, surname, description, born_date) values(27, 'Author name: 27','Author surname: 27','Author description: 27','2018-02-19T14:08:25.824589100');
INSERT INTO AUTHOR (id, name, surname, description, born_date) values(28, 'Author name: 28','Author surname: 28','Author description: 28','2018-02-20T14:08:25.825732400');
INSERT INTO AUTHOR (id, name, surname, description, born_date) values(29, 'Author name: 29','Author surname: 29','Author description: 29','2018-02-21T14:08:25.825732400');
INSERT INTO AUTHOR (id, name, surname, description, born_date) values(30, 'Author name: 30','Author surname: 30','Author description: 30','2018-02-22T14:08:25.826909600');
INSERT INTO AUTHOR (id, name, surname, description, born_date) values(31, 'Author name: 31','Author surname: 31','Author description: 31','2018-02-23T14:08:25.826909600');
INSERT INTO AUTHOR (id, name, surname, description, born_date) values(32, 'Author name: 32','Author surname: 32','Author description: 32','2018-02-24T14:08:25.828254600');
INSERT INTO AUTHOR (id, name, surname, description, born_date) values(33, 'Author name: 33','Author surname: 33','Author description: 33','2018-02-25T14:08:25.828800400');
INSERT INTO AUTHOR (id, name, surname, description, born_date) values(34, 'Author name: 34','Author surname: 34','Author description: 34','2018-02-26T14:08:25.828800400');
INSERT INTO AUTHOR (id, name, surname, description, born_date) values(35, 'Author name: 35','Author surname: 35','Author description: 35','2018-02-27T14:08:25.831063100');
INSERT INTO AUTHOR (id, name, surname, description, born_date) values(36, 'Author name: 36','Author surname: 36','Author description: 36','2018-02-28T14:08:25.832065800');
INSERT INTO AUTHOR (id, name, surname, description, born_date) values(37, 'Author name: 37','Author surname: 37','Author description: 37','2018-03-01T14:08:25.832316200');
INSERT INTO AUTHOR (id, name, surname, description, born_date) values(38, 'Author name: 38','Author surname: 38','Author description: 38','2018-03-02T14:08:25.833382100');
INSERT INTO AUTHOR (id, name, surname, description, born_date) values(39, 'Author name: 39','Author surname: 39','Author description: 39','2018-03-03T14:08:25.833382100');
INSERT INTO AUTHOR (id, name, surname, description, born_date) values(40, 'Author name: 40','Author surname: 40','Author description: 40','2018-03-04T14:08:25.834623100');
INSERT INTO AUTHOR (id, name, surname, description, born_date) values(41, 'Author name: 41','Author surname: 41','Author description: 41','2018-03-05T14:08:25.834623100');
INSERT INTO AUTHOR (id, name, surname, description, born_date) values(42, 'Author name: 42','Author surname: 42','Author description: 42','2018-03-06T14:08:25.835625100');
INSERT INTO AUTHOR (id, name, surname, description, born_date) values(43, 'Author name: 43','Author surname: 43','Author description: 43','2018-03-07T14:08:25.835625100');
INSERT INTO AUTHOR (id, name, surname, description, born_date) values(44, 'Author name: 44','Author surname: 44','Author description: 44','2018-03-08T14:08:25.836798300');
INSERT INTO AUTHOR (id, name, surname, description, born_date) values(45, 'Author name: 45','Author surname: 45','Author description: 45','2018-03-09T14:08:25.837837600');
INSERT INTO AUTHOR (id, name, surname, description, born_date) values(46, 'Author name: 46','Author surname: 46','Author description: 46','2018-03-10T14:08:25.837837600');
INSERT INTO AUTHOR (id, name, surname, description, born_date) values(47, 'Author name: 47','Author surname: 47','Author description: 47','2018-03-11T14:08:25.838986200');
INSERT INTO AUTHOR (id, name, surname, description, born_date) values(48, 'Author name: 48','Author surname: 48','Author description: 48','2018-03-12T14:08:25.839994300');
INSERT INTO AUTHOR (id, name, surname, description, born_date) values(49, 'Author name: 49','Author surname: 49','Author description: 49','2018-03-13T14:08:25.839994300');
INSERT INTO AUTHOR (id, name, surname, description, born_date) values(50, 'Author name: 50','Author surname: 50','Author description: 50','2018-03-14T14:08:25.840991800');
INSERT INTO AUTHOR (id, name, surname, description, born_date) values(51, 'Author name: 51','Author surname: 51','Author description: 51','2018-03-15T14:08:25.842028100');
INSERT INTO AUTHOR (id, name, surname, description, born_date) values(52, 'Author name: 52','Author surname: 52','Author description: 52','2018-03-16T14:08:25.842148900');
INSERT INTO AUTHOR (id, name, surname, description, born_date) values(53, 'Author name: 53','Author surname: 53','Author description: 53','2018-03-17T14:08:25.843155100');
INSERT INTO AUTHOR (id, name, surname, description, born_date) values(54, 'Author name: 54','Author surname: 54','Author description: 54','2018-03-18T14:08:25.844207500');
INSERT INTO AUTHOR (id, name, surname, description, born_date) values(55, 'Author name: 55','Author surname: 55','Author description: 55','2018-03-19T14:08:25.844207500');
INSERT INTO AUTHOR (id, name, surname, description, born_date) values(56, 'Author name: 56','Author surname: 56','Author description: 56','2018-03-20T14:08:25.845212600');
INSERT INTO AUTHOR (id, name, surname, description, born_date) values(57, 'Author name: 57','Author surname: 57','Author description: 57','2018-03-21T14:08:25.845459500');
INSERT INTO AUTHOR (id, name, surname, description, born_date) values(58, 'Author name: 58','Author surname: 58','Author description: 58','2018-03-22T14:08:25.848043800');
INSERT INTO AUTHOR (id, name, surname, description, born_date) values(59, 'Author name: 59','Author surname: 59','Author description: 59','2018-03-23T14:08:25.848846800');
INSERT INTO AUTHOR (id, name, surname, description, born_date) values(60, 'Author name: 60','Author surname: 60','Author description: 60','2018-03-24T14:08:25.848846800');
INSERT INTO AUTHOR (id, name, surname, description, born_date) values(61, 'Author name: 61','Author surname: 61','Author description: 61','2018-03-25T14:08:25.850229100');
INSERT INTO AUTHOR (id, name, surname, description, born_date) values(62, 'Author name: 62','Author surname: 62','Author description: 62','2018-03-26T14:08:25.852752400');
INSERT INTO AUTHOR (id, name, surname, description, born_date) values(63, 'Author name: 63','Author surname: 63','Author description: 63','2018-03-27T14:08:25.852752400');
INSERT INTO AUTHOR (id, name, surname, description, born_date) values(64, 'Author name: 64','Author surname: 64','Author description: 64','2018-03-28T14:08:25.857524800');
INSERT INTO AUTHOR (id, name, surname, description, born_date) values(65, 'Author name: 65','Author surname: 65','Author description: 65','2018-03-29T14:08:25.859085400');
INSERT INTO AUTHOR (id, name, surname, description, born_date) values(66, 'Author name: 66','Author surname: 66','Author description: 66','2018-03-30T14:08:25.859751100');
INSERT INTO AUTHOR (id, name, surname, description, born_date) values(67, 'Author name: 67','Author surname: 67','Author description: 67','2018-03-31T14:08:25.861112700');
INSERT INTO AUTHOR (id, name, surname, description, born_date) values(68, 'Author name: 68','Author surname: 68','Author description: 68','2018-04-01T14:08:25.861112700');
INSERT INTO AUTHOR (id, name, surname, description, born_date) values(69, 'Author name: 69','Author surname: 69','Author description: 69','2018-04-02T14:08:25.862501800');
INSERT INTO AUTHOR (id, name, surname, description, born_date) values(70, 'Author name: 70','Author surname: 70','Author description: 70','2018-04-03T14:08:25.863504600');
INSERT INTO AUTHOR (id, name, surname, description, born_date) values(71, 'Author name: 71','Author surname: 71','Author description: 71','2018-04-04T14:08:25.864506400');
INSERT INTO AUTHOR (id, name, surname, description, born_date) values(72, 'Author name: 72','Author surname: 72','Author description: 72','2018-04-05T14:08:25.864506400');
INSERT INTO AUTHOR (id, name, surname, description, born_date) values(73, 'Author name: 73','Author surname: 73','Author description: 73','2018-04-06T14:08:25.865774300');
INSERT INTO AUTHOR (id, name, surname, description, born_date) values(74, 'Author name: 74','Author surname: 74','Author description: 74','2018-04-07T14:08:25.865774300');
INSERT INTO AUTHOR (id, name, surname, description, born_date) values(75, 'Author name: 75','Author surname: 75','Author description: 75','2018-04-08T14:08:25.867190');
INSERT INTO AUTHOR (id, name, surname, description, born_date) values(76, 'Author name: 76','Author surname: 76','Author description: 76','2018-04-09T14:08:25.867190');
INSERT INTO AUTHOR (id, name, surname, description, born_date) values(77, 'Author name: 77','Author surname: 77','Author description: 77','2018-04-10T14:08:25.868673800');
INSERT INTO AUTHOR (id, name, surname, description, born_date) values(78, 'Author name: 78','Author surname: 78','Author description: 78','2018-04-11T14:08:25.869259800');
INSERT INTO AUTHOR (id, name, surname, description, born_date) values(79, 'Author name: 79','Author surname: 79','Author description: 79','2018-04-12T14:08:25.869259800');
INSERT INTO AUTHOR (id, name, surname, description, born_date) values(80, 'Author name: 80','Author surname: 80','Author description: 80','2018-04-13T14:08:25.870656300');
INSERT INTO AUTHOR (id, name, surname, description, born_date) values(81, 'Author name: 81','Author surname: 81','Author description: 81','2018-04-14T14:08:25.871216600');
INSERT INTO AUTHOR (id, name, surname, description, born_date) values(82, 'Author name: 82','Author surname: 82','Author description: 82','2018-04-15T14:08:25.872220900');
INSERT INTO AUTHOR (id, name, surname, description, born_date) values(83, 'Author name: 83','Author surname: 83','Author description: 83','2018-04-16T14:08:25.873683300');
INSERT INTO AUTHOR (id, name, surname, description, born_date) values(84, 'Author name: 84','Author surname: 84','Author description: 84','2018-04-17T14:08:25.874682600');
INSERT INTO AUTHOR (id, name, surname, description, born_date) values(85, 'Author name: 85','Author surname: 85','Author description: 85','2018-04-18T14:08:25.875462700');
INSERT INTO AUTHOR (id, name, surname, description, born_date) values(86, 'Author name: 86','Author surname: 86','Author description: 86','2018-04-19T14:08:25.876739100');
INSERT INTO AUTHOR (id, name, surname, description, born_date) values(87, 'Author name: 87','Author surname: 87','Author description: 87','2018-04-20T14:08:25.876739100');
INSERT INTO AUTHOR (id, name, surname, description, born_date) values(88, 'Author name: 88','Author surname: 88','Author description: 88','2018-04-21T14:08:25.878125300');
INSERT INTO AUTHOR (id, name, surname, description, born_date) values(89, 'Author name: 89','Author surname: 89','Author description: 89','2018-04-22T14:08:25.878125300');
INSERT INTO AUTHOR (id, name, surname, description, born_date) values(90, 'Author name: 90','Author surname: 90','Author description: 90','2018-04-23T14:08:25.879155');
INSERT INTO AUTHOR (id, name, surname, description, born_date) values(91, 'Author name: 91','Author surname: 91','Author description: 91','2018-04-24T14:08:25.879155');
INSERT INTO AUTHOR (id, name, surname, description, born_date) values(92, 'Author name: 92','Author surname: 92','Author description: 92','2018-04-25T14:08:25.880686700');
INSERT INTO AUTHOR (id, name, surname, description, born_date) values(93, 'Author name: 93','Author surname: 93','Author description: 93','2018-04-26T14:08:25.881238300');
INSERT INTO AUTHOR (id, name, surname, description, born_date) values(94, 'Author name: 94','Author surname: 94','Author description: 94','2018-04-27T14:08:25.881238300');
INSERT INTO AUTHOR (id, name, surname, description, born_date) values(95, 'Author name: 95','Author surname: 95','Author description: 95','2018-04-28T14:08:25.882225900');
INSERT INTO AUTHOR (id, name, surname, description, born_date) values(96, 'Author name: 96','Author surname: 96','Author description: 96','2018-04-29T14:08:25.882225900');
INSERT INTO AUTHOR (id, name, surname, description, born_date) values(97, 'Author name: 97','Author surname: 97','Author description: 97','2018-04-30T14:08:25.883224');
INSERT INTO AUTHOR (id, name, surname, description, born_date) values(98, 'Author name: 98','Author surname: 98','Author description: 98','2018-05-01T14:08:25.884224700');
INSERT INTO AUTHOR (id, name, surname, description, born_date) values(99, 'Author name: 99','Author surname: 99','Author description: 99','2018-05-02T14:08:25.884224700');
INSERT INTO AUTHOR (id, name, surname, description, born_date) values(100, 'Author name: 100','Author surname: 100','Author description: 100','2018-05-03T14:08:25.885226300');
INSERT INTO BOOK (id, author_id, title, description, release_date) values(1,1, 'Book title: 1','Book description: 1','2018-01-24T14:08:25.886474700');
INSERT INTO BOOK (id, author_id, title, description, release_date) values(2,1, 'Book title: 2','Book description: 2','2018-01-25T14:08:25.886474700');
INSERT INTO BOOK (id, author_id, title, description, release_date) values(3,1, 'Book title: 3','Book description: 3','2018-01-26T14:08:25.888058400');
INSERT INTO BOOK (id, author_id, title, description, release_date) values(4,1, 'Book title: 4','Book description: 4','2018-01-27T14:08:25.893307400');
INSERT INTO BOOK (id, author_id, title, description, release_date) values(5,1, 'Book title: 5','Book description: 5','2018-01-28T14:08:25.894306600');
INSERT INTO BOOK (id, author_id, title, description, release_date) values(6,1, 'Book title: 6','Book description: 6','2018-01-29T14:08:25.895158700');
INSERT INTO BOOK (id, author_id, title, description, release_date) values(7,1, 'Book title: 7','Book description: 7','2018-01-30T14:08:25.896517500');
INSERT INTO BOOK (id, author_id, title, description, release_date) values(8,1, 'Book title: 8','Book description: 8','2018-01-31T14:08:25.897541900');
INSERT INTO BOOK (id, author_id, title, description, release_date) values(9,1, 'Book title: 9','Book description: 9','2018-02-01T14:08:25.898523600');
INSERT INTO BOOK (id, author_id, title, description, release_date) values(10,2, 'Book title: 10','Book description: 10','2018-02-02T14:08:25.898523600');
INSERT INTO BOOK (id, author_id, title, description, release_date) values(11,2, 'Book title: 11','Book description: 11','2018-02-03T14:08:25.899521600');
INSERT INTO BOOK (id, author_id, title, description, release_date) values(12,2, 'Book title: 12','Book description: 12','2018-02-04T14:08:25.900523200');
INSERT INTO BOOK (id, author_id, title, description, release_date) values(13,2, 'Book title: 13','Book description: 13','2018-02-05T14:08:25.900523200');
INSERT INTO BOOK (id, author_id, title, description, release_date) values(14,2, 'Book title: 14','Book description: 14','2018-02-06T14:08:25.901521800');
INSERT INTO BOOK (id, author_id, title, description, release_date) values(15,2, 'Book title: 15','Book description: 15','2018-02-07T14:08:25.902521100');
INSERT INTO BOOK (id, author_id, title, description, release_date) values(16,2, 'Book title: 16','Book description: 16','2018-02-08T14:08:25.903630200');
INSERT INTO BOOK (id, author_id, title, description, release_date) values(17,2, 'Book title: 17','Book description: 17','2018-02-09T14:08:25.903630200');
INSERT INTO BOOK (id, author_id, title, description, release_date) values(18,2, 'Book title: 18','Book description: 18','2018-02-10T14:08:25.905139300');
INSERT INTO BOOK (id, author_id, title, description, release_date) values(19,2, 'Book title: 19','Book description: 19','2018-02-11T14:08:25.905139300');
INSERT INTO BOOK (id, author_id, title, description, release_date) values(20,3, 'Book title: 20','Book description: 20','2018-02-12T14:08:25.906442');
INSERT INTO BOOK (id, author_id, title, description, release_date) values(21,3, 'Book title: 21','Book description: 21','2018-02-13T14:08:25.906442');
INSERT INTO BOOK (id, author_id, title, description, release_date) values(22,3, 'Book title: 22','Book description: 22','2018-02-14T14:08:25.907855200');
INSERT INTO BOOK (id, author_id, title, description, release_date) values(23,3, 'Book title: 23','Book description: 23','2018-02-15T14:08:25.907855200');
INSERT INTO BOOK (id, author_id, title, description, release_date) values(24,3, 'Book title: 24','Book description: 24','2018-02-16T14:08:25.909026');
INSERT INTO BOOK (id, author_id, title, description, release_date) values(25,3, 'Book title: 25','Book description: 25','2018-02-17T14:08:25.909568300');
INSERT INTO BOOK (id, author_id, title, description, release_date) values(26,3, 'Book title: 26','Book description: 26','2018-02-18T14:08:25.910456500');
INSERT INTO BOOK (id, author_id, title, description, release_date) values(27,3, 'Book title: 27','Book description: 27','2018-02-19T14:08:25.911442');
INSERT INTO BOOK (id, author_id, title, description, release_date) values(28,3, 'Book title: 28','Book description: 28','2018-02-20T14:08:25.912265800');
INSERT INTO BOOK (id, author_id, title, description, release_date) values(29,3, 'Book title: 29','Book description: 29','2018-02-21T14:08:25.913273');
INSERT INTO BOOK (id, author_id, title, description, release_date) values(30,4, 'Book title: 30','Book description: 30','2018-02-22T14:08:25.914751600');
INSERT INTO BOOK (id, author_id, title, description, release_date) values(31,4, 'Book title: 31','Book description: 31','2018-02-23T14:08:25.914751600');
INSERT INTO BOOK (id, author_id, title, description, release_date) values(32,4, 'Book title: 32','Book description: 32','2018-02-24T14:08:25.916179800');
INSERT INTO BOOK (id, author_id, title, description, release_date) values(33,4, 'Book title: 33','Book description: 33','2018-02-25T14:08:25.916179800');
INSERT INTO BOOK (id, author_id, title, description, release_date) values(34,4, 'Book title: 34','Book description: 34','2018-02-26T14:08:25.917594700');
INSERT INTO BOOK (id, author_id, title, description, release_date) values(35,4, 'Book title: 35','Book description: 35','2018-02-27T14:08:25.917594700');
INSERT INTO BOOK (id, author_id, title, description, release_date) values(36,4, 'Book title: 36','Book description: 36','2018-02-28T14:08:25.921070900');
INSERT INTO BOOK (id, author_id, title, description, release_date) values(37,4, 'Book title: 37','Book description: 37','2018-03-01T14:08:25.922111900');
INSERT INTO BOOK (id, author_id, title, description, release_date) values(38,4, 'Book title: 38','Book description: 38','2018-03-02T14:08:25.923961600');
INSERT INTO BOOK (id, author_id, title, description, release_date) values(39,4, 'Book title: 39','Book description: 39','2018-03-03T14:08:25.923961600');
INSERT INTO BOOK (id, author_id, title, description, release_date) values(40,5, 'Book title: 40','Book description: 40','2018-03-04T14:08:25.923961600');
INSERT INTO BOOK (id, author_id, title, description, release_date) values(41,5, 'Book title: 41','Book description: 41','2018-03-05T14:08:25.926232700');
INSERT INTO BOOK (id, author_id, title, description, release_date) values(42,5, 'Book title: 42','Book description: 42','2018-03-06T14:08:25.928544800');
INSERT INTO BOOK (id, author_id, title, description, release_date) values(43,5, 'Book title: 43','Book description: 43','2018-03-07T14:08:25.928544800');
INSERT INTO BOOK (id, author_id, title, description, release_date) values(44,5, 'Book title: 44','Book description: 44','2018-03-08T14:08:25.930020800');
INSERT INTO BOOK (id, author_id, title, description, release_date) values(45,5, 'Book title: 45','Book description: 45','2018-03-09T14:08:25.930020800');
INSERT INTO BOOK (id, author_id, title, description, release_date) values(46,5, 'Book title: 46','Book description: 46','2018-03-10T14:08:25.931342300');
INSERT INTO BOOK (id, author_id, title, description, release_date) values(47,5, 'Book title: 47','Book description: 47','2018-03-11T14:08:25.931883800');
INSERT INTO BOOK (id, author_id, title, description, release_date) values(48,5, 'Book title: 48','Book description: 48','2018-03-12T14:08:25.933262');
INSERT INTO BOOK (id, author_id, title, description, release_date) values(49,5, 'Book title: 49','Book description: 49','2018-03-13T14:08:25.937171400');
INSERT INTO BOOK (id, author_id, title, description, release_date) values(50,6, 'Book title: 50','Book description: 50','2018-03-14T14:08:25.941002300');
INSERT INTO BOOK (id, author_id, title, description, release_date) values(51,6, 'Book title: 51','Book description: 51','2018-03-15T14:08:25.946064800');
INSERT INTO BOOK (id, author_id, title, description, release_date) values(52,6, 'Book title: 52','Book description: 52','2018-03-16T14:08:25.946592600');
INSERT INTO BOOK (id, author_id, title, description, release_date) values(53,6, 'Book title: 53','Book description: 53','2018-03-17T14:08:25.947593500');
INSERT INTO BOOK (id, author_id, title, description, release_date) values(54,6, 'Book title: 54','Book description: 54','2018-03-18T14:08:25.948614300');
INSERT INTO BOOK (id, author_id, title, description, release_date) values(55,6, 'Book title: 55','Book description: 55','2018-03-19T14:08:25.949616600');
INSERT INTO BOOK (id, author_id, title, description, release_date) values(56,6, 'Book title: 56','Book description: 56','2018-03-20T14:08:25.950621600');
INSERT INTO BOOK (id, author_id, title, description, release_date) values(57,6, 'Book title: 57','Book description: 57','2018-03-21T14:08:25.951008400');
INSERT INTO BOOK (id, author_id, title, description, release_date) values(58,6, 'Book title: 58','Book description: 58','2018-03-22T14:08:25.952011200');
INSERT INTO BOOK (id, author_id, title, description, release_date) values(59,6, 'Book title: 59','Book description: 59','2018-03-23T14:08:25.953046400');
INSERT INTO BOOK (id, author_id, title, description, release_date) values(60,7, 'Book title: 60','Book description: 60','2018-03-24T14:08:25.954046100');
INSERT INTO BOOK (id, author_id, title, description, release_date) values(61,7, 'Book title: 61','Book description: 61','2018-03-25T14:08:25.954046100');
INSERT INTO BOOK (id, author_id, title, description, release_date) values(62,7, 'Book title: 62','Book description: 62','2018-03-26T14:08:25.955045700');
INSERT INTO BOOK (id, author_id, title, description, release_date) values(63,7, 'Book title: 63','Book description: 63','2018-03-27T14:08:25.956046800');
INSERT INTO BOOK (id, author_id, title, description, release_date) values(64,7, 'Book title: 64','Book description: 64','2018-03-28T14:08:25.956046800');
INSERT INTO BOOK (id, author_id, title, description, release_date) values(65,7, 'Book title: 65','Book description: 65','2018-03-29T14:08:25.957138600');
INSERT INTO BOOK (id, author_id, title, description, release_date) values(66,7, 'Book title: 66','Book description: 66','2018-03-30T14:08:25.958140');
INSERT INTO BOOK (id, author_id, title, description, release_date) values(67,7, 'Book title: 67','Book description: 67','2018-03-31T14:08:25.958637900');
INSERT INTO BOOK (id, author_id, title, description, release_date) values(68,7, 'Book title: 68','Book description: 68','2018-04-01T14:08:25.959638500');
INSERT INTO BOOK (id, author_id, title, description, release_date) values(69,7, 'Book title: 69','Book description: 69','2018-04-02T14:08:25.959995400');
INSERT INTO BOOK (id, author_id, title, description, release_date) values(70,8, 'Book title: 70','Book description: 70','2018-04-03T14:08:25.960998100');
INSERT INTO BOOK (id, author_id, title, description, release_date) values(71,8, 'Book title: 71','Book description: 71','2018-04-04T14:08:25.961427400');
INSERT INTO BOOK (id, author_id, title, description, release_date) values(72,8, 'Book title: 72','Book description: 72','2018-04-05T14:08:25.962441900');
INSERT INTO BOOK (id, author_id, title, description, release_date) values(73,8, 'Book title: 73','Book description: 73','2018-04-06T14:08:25.963289800');
INSERT INTO BOOK (id, author_id, title, description, release_date) values(74,8, 'Book title: 74','Book description: 74','2018-04-07T14:08:25.964292900');
INSERT INTO BOOK (id, author_id, title, description, release_date) values(75,8, 'Book title: 75','Book description: 75','2018-04-08T14:08:25.965294100');
INSERT INTO BOOK (id, author_id, title, description, release_date) values(76,8, 'Book title: 76','Book description: 76','2018-04-09T14:08:25.965797500');
INSERT INTO BOOK (id, author_id, title, description, release_date) values(77,8, 'Book title: 77','Book description: 77','2018-04-10T14:08:25.966798800');
INSERT INTO BOOK (id, author_id, title, description, release_date) values(78,8, 'Book title: 78','Book description: 78','2018-04-11T14:08:25.967522200');
INSERT INTO BOOK (id, author_id, title, description, release_date) values(79,8, 'Book title: 79','Book description: 79','2018-04-12T14:08:25.967522200');
INSERT INTO BOOK (id, author_id, title, description, release_date) values(80,9, 'Book title: 80','Book description: 80','2018-04-13T14:08:25.968525800');
INSERT INTO BOOK (id, author_id, title, description, release_date) values(81,9, 'Book title: 81','Book description: 81','2018-04-14T14:08:25.969862200');
INSERT INTO BOOK (id, author_id, title, description, release_date) values(82,9, 'Book title: 82','Book description: 82','2018-04-15T14:08:25.970283300');
INSERT INTO BOOK (id, author_id, title, description, release_date) values(83,9, 'Book title: 83','Book description: 83','2018-04-16T14:08:25.970900200');
INSERT INTO BOOK (id, author_id, title, description, release_date) values(84,9, 'Book title: 84','Book description: 84','2018-04-17T14:08:25.972027');
INSERT INTO BOOK (id, author_id, title, description, release_date) values(85,9, 'Book title: 85','Book description: 85','2018-04-18T14:08:25.972027');
INSERT INTO BOOK (id, author_id, title, description, release_date) values(86,9, 'Book title: 86','Book description: 86','2018-04-19T14:08:25.972912700');
INSERT INTO BOOK (id, author_id, title, description, release_date) values(87,9, 'Book title: 87','Book description: 87','2018-04-20T14:08:25.974028100');
INSERT INTO BOOK (id, author_id, title, description, release_date) values(88,9, 'Book title: 88','Book description: 88','2018-04-21T14:08:25.974028100');
INSERT INTO BOOK (id, author_id, title, description, release_date) values(89,9, 'Book title: 89','Book description: 89','2018-04-22T14:08:25.975260900');
INSERT INTO BOOK (id, author_id, title, description, release_date) values(90,10, 'Book title: 90','Book description: 90','2018-04-23T14:08:25.975260900');
INSERT INTO BOOK (id, author_id, title, description, release_date) values(91,10, 'Book title: 91','Book description: 91','2018-04-24T14:08:25.976412900');
INSERT INTO BOOK (id, author_id, title, description, release_date) values(92,10, 'Book title: 92','Book description: 92','2018-04-25T14:08:25.976412900');
INSERT INTO BOOK (id, author_id, title, description, release_date) values(93,10, 'Book title: 93','Book description: 93','2018-04-26T14:08:25.977657700');
INSERT INTO BOOK (id, author_id, title, description, release_date) values(94,10, 'Book title: 94','Book description: 94','2018-04-27T14:08:25.977657700');
INSERT INTO BOOK (id, author_id, title, description, release_date) values(95,10, 'Book title: 95','Book description: 95','2018-04-28T14:08:25.978761');
INSERT INTO BOOK (id, author_id, title, description, release_date) values(96,10, 'Book title: 96','Book description: 96','2018-04-29T14:08:25.978761');
INSERT INTO BOOK (id, author_id, title, description, release_date) values(97,10, 'Book title: 97','Book description: 97','2018-04-30T14:08:25.979794300');
INSERT INTO BOOK (id, author_id, title, description, release_date) values(98,10, 'Book title: 98','Book description: 98','2018-05-01T14:08:25.980764100');
INSERT INTO BOOK (id, author_id, title, description, release_date) values(99,10, 'Book title: 99','Book description: 99','2018-05-02T14:08:25.981762400');
INSERT INTO BOOK (id, author_id, title, description, release_date) values(100,11, 'Book title: 100','Book description: 100','2018-05-03T14:08:25.981762400');
INSERT INTO ADDRESS (id, town, street, postal_code) values(1,'Town Name: 1', 'Street name: 1','Postal Code: 00-000');
INSERT INTO ADDRESS (id, town, street, postal_code) values(2,'Town Name: 2', 'Street name: 2','Postal Code: 00-000');
INSERT INTO ADDRESS (id, town, street, postal_code) values(3,'Town Name: 3', 'Street name: 3','Postal Code: 00-000');
INSERT INTO ADDRESS (id, town, street, postal_code) values(4,'Town Name: 4', 'Street name: 4','Postal Code: 00-000');
INSERT INTO ADDRESS (id, town, street, postal_code) values(5,'Town Name: 5', 'Street name: 5','Postal Code: 00-000');
INSERT INTO ADDRESS (id, town, street, postal_code) values(6,'Town Name: 6', 'Street name: 6','Postal Code: 00-000');
INSERT INTO ADDRESS (id, town, street, postal_code) values(7,'Town Name: 7', 'Street name: 7','Postal Code: 00-000');
INSERT INTO ADDRESS (id, town, street, postal_code) values(8,'Town Name: 8', 'Street name: 8','Postal Code: 00-000');
INSERT INTO ADDRESS (id, town, street, postal_code) values(9,'Town Name: 9', 'Street name: 9','Postal Code: 00-000');
INSERT INTO ADDRESS (id, town, street, postal_code) values(10,'Town Name: 10', 'Street name: 10','Postal Code: 11-111');
INSERT INTO ADDRESS (id, town, street, postal_code) values(11,'Town Name: 11', 'Street name: 11','Postal Code: 11-111');
INSERT INTO ADDRESS (id, town, street, postal_code) values(12,'Town Name: 12', 'Street name: 12','Postal Code: 11-111');
INSERT INTO ADDRESS (id, town, street, postal_code) values(13,'Town Name: 13', 'Street name: 13','Postal Code: 11-111');
INSERT INTO ADDRESS (id, town, street, postal_code) values(14,'Town Name: 14', 'Street name: 14','Postal Code: 11-111');
INSERT INTO ADDRESS (id, town, street, postal_code) values(15,'Town Name: 15', 'Street name: 15','Postal Code: 11-111');
INSERT INTO ADDRESS (id, town, street, postal_code) values(16,'Town Name: 16', 'Street name: 16','Postal Code: 11-111');
INSERT INTO ADDRESS (id, town, street, postal_code) values(17,'Town Name: 17', 'Street name: 17','Postal Code: 11-111');
INSERT INTO ADDRESS (id, town, street, postal_code) values(18,'Town Name: 18', 'Street name: 18','Postal Code: 11-111');
INSERT INTO ADDRESS (id, town, street, postal_code) values(19,'Town Name: 19', 'Street name: 19','Postal Code: 11-111');
INSERT INTO ADDRESS (id, town, street, postal_code) values(20,'Town Name: 20', 'Street name: 20','Postal Code: 22-222');
INSERT INTO ADDRESS (id, town, street, postal_code) values(21,'Town Name: 21', 'Street name: 21','Postal Code: 22-222');
INSERT INTO ADDRESS (id, town, street, postal_code) values(22,'Town Name: 22', 'Street name: 22','Postal Code: 22-222');
INSERT INTO ADDRESS (id, town, street, postal_code) values(23,'Town Name: 23', 'Street name: 23','Postal Code: 22-222');
INSERT INTO ADDRESS (id, town, street, postal_code) values(24,'Town Name: 24', 'Street name: 24','Postal Code: 22-222');
INSERT INTO ADDRESS (id, town, street, postal_code) values(25,'Town Name: 25', 'Street name: 25','Postal Code: 22-222');
INSERT INTO ADDRESS (id, town, street, postal_code) values(26,'Town Name: 26', 'Street name: 26','Postal Code: 22-222');
INSERT INTO ADDRESS (id, town, street, postal_code) values(27,'Town Name: 27', 'Street name: 27','Postal Code: 22-222');
INSERT INTO ADDRESS (id, town, street, postal_code) values(28,'Town Name: 28', 'Street name: 28','Postal Code: 22-222');
INSERT INTO ADDRESS (id, town, street, postal_code) values(29,'Town Name: 29', 'Street name: 29','Postal Code: 22-222');
INSERT INTO ADDRESS (id, town, street, postal_code) values(30,'Town Name: 30', 'Street name: 30','Postal Code: 33-333');
INSERT INTO ADDRESS (id, town, street, postal_code) values(31,'Town Name: 31', 'Street name: 31','Postal Code: 33-333');
INSERT INTO ADDRESS (id, town, street, postal_code) values(32,'Town Name: 32', 'Street name: 32','Postal Code: 33-333');
INSERT INTO ADDRESS (id, town, street, postal_code) values(33,'Town Name: 33', 'Street name: 33','Postal Code: 33-333');
INSERT INTO ADDRESS (id, town, street, postal_code) values(34,'Town Name: 34', 'Street name: 34','Postal Code: 33-333');
INSERT INTO ADDRESS (id, town, street, postal_code) values(35,'Town Name: 35', 'Street name: 35','Postal Code: 33-333');
INSERT INTO ADDRESS (id, town, street, postal_code) values(36,'Town Name: 36', 'Street name: 36','Postal Code: 33-333');
INSERT INTO ADDRESS (id, town, street, postal_code) values(37,'Town Name: 37', 'Street name: 37','Postal Code: 33-333');
INSERT INTO ADDRESS (id, town, street, postal_code) values(38,'Town Name: 38', 'Street name: 38','Postal Code: 33-333');
INSERT INTO ADDRESS (id, town, street, postal_code) values(39,'Town Name: 39', 'Street name: 39','Postal Code: 33-333');
INSERT INTO ADDRESS (id, town, street, postal_code) values(40,'Town Name: 40', 'Street name: 40','Postal Code: 44-444');
INSERT INTO ADDRESS (id, town, street, postal_code) values(41,'Town Name: 41', 'Street name: 41','Postal Code: 44-444');
INSERT INTO ADDRESS (id, town, street, postal_code) values(42,'Town Name: 42', 'Street name: 42','Postal Code: 44-444');
INSERT INTO ADDRESS (id, town, street, postal_code) values(43,'Town Name: 43', 'Street name: 43','Postal Code: 44-444');
INSERT INTO ADDRESS (id, town, street, postal_code) values(44,'Town Name: 44', 'Street name: 44','Postal Code: 44-444');
INSERT INTO ADDRESS (id, town, street, postal_code) values(45,'Town Name: 45', 'Street name: 45','Postal Code: 44-444');
INSERT INTO ADDRESS (id, town, street, postal_code) values(46,'Town Name: 46', 'Street name: 46','Postal Code: 44-444');
INSERT INTO ADDRESS (id, town, street, postal_code) values(47,'Town Name: 47', 'Street name: 47','Postal Code: 44-444');
INSERT INTO ADDRESS (id, town, street, postal_code) values(48,'Town Name: 48', 'Street name: 48','Postal Code: 44-444');
INSERT INTO ADDRESS (id, town, street, postal_code) values(49,'Town Name: 49', 'Street name: 49','Postal Code: 44-444');
INSERT INTO ADDRESS (id, town, street, postal_code) values(50,'Town Name: 50', 'Street name: 50','Postal Code: 55-555');
INSERT INTO ADDRESS (id, town, street, postal_code) values(51,'Town Name: 51', 'Street name: 51','Postal Code: 55-555');
INSERT INTO ADDRESS (id, town, street, postal_code) values(52,'Town Name: 52', 'Street name: 52','Postal Code: 55-555');
INSERT INTO ADDRESS (id, town, street, postal_code) values(53,'Town Name: 53', 'Street name: 53','Postal Code: 55-555');
INSERT INTO ADDRESS (id, town, street, postal_code) values(54,'Town Name: 54', 'Street name: 54','Postal Code: 55-555');
INSERT INTO ADDRESS (id, town, street, postal_code) values(55,'Town Name: 55', 'Street name: 55','Postal Code: 55-555');
INSERT INTO ADDRESS (id, town, street, postal_code) values(56,'Town Name: 56', 'Street name: 56','Postal Code: 55-555');
INSERT INTO ADDRESS (id, town, street, postal_code) values(57,'Town Name: 57', 'Street name: 57','Postal Code: 55-555');
INSERT INTO ADDRESS (id, town, street, postal_code) values(58,'Town Name: 58', 'Street name: 58','Postal Code: 55-555');
INSERT INTO ADDRESS (id, town, street, postal_code) values(59,'Town Name: 59', 'Street name: 59','Postal Code: 55-555');
INSERT INTO ADDRESS (id, town, street, postal_code) values(60,'Town Name: 60', 'Street name: 60','Postal Code: 66-666');
INSERT INTO ADDRESS (id, town, street, postal_code) values(61,'Town Name: 61', 'Street name: 61','Postal Code: 66-666');
INSERT INTO ADDRESS (id, town, street, postal_code) values(62,'Town Name: 62', 'Street name: 62','Postal Code: 66-666');
INSERT INTO ADDRESS (id, town, street, postal_code) values(63,'Town Name: 63', 'Street name: 63','Postal Code: 66-666');
INSERT INTO ADDRESS (id, town, street, postal_code) values(64,'Town Name: 64', 'Street name: 64','Postal Code: 66-666');
INSERT INTO ADDRESS (id, town, street, postal_code) values(65,'Town Name: 65', 'Street name: 65','Postal Code: 66-666');
INSERT INTO ADDRESS (id, town, street, postal_code) values(66,'Town Name: 66', 'Street name: 66','Postal Code: 66-666');
INSERT INTO ADDRESS (id, town, street, postal_code) values(67,'Town Name: 67', 'Street name: 67','Postal Code: 66-666');
INSERT INTO ADDRESS (id, town, street, postal_code) values(68,'Town Name: 68', 'Street name: 68','Postal Code: 66-666');
INSERT INTO ADDRESS (id, town, street, postal_code) values(69,'Town Name: 69', 'Street name: 69','Postal Code: 66-666');
INSERT INTO ADDRESS (id, town, street, postal_code) values(70,'Town Name: 70', 'Street name: 70','Postal Code: 77-777');
INSERT INTO ADDRESS (id, town, street, postal_code) values(71,'Town Name: 71', 'Street name: 71','Postal Code: 77-777');
INSERT INTO ADDRESS (id, town, street, postal_code) values(72,'Town Name: 72', 'Street name: 72','Postal Code: 77-777');
INSERT INTO ADDRESS (id, town, street, postal_code) values(73,'Town Name: 73', 'Street name: 73','Postal Code: 77-777');
INSERT INTO ADDRESS (id, town, street, postal_code) values(74,'Town Name: 74', 'Street name: 74','Postal Code: 77-777');
INSERT INTO ADDRESS (id, town, street, postal_code) values(75,'Town Name: 75', 'Street name: 75','Postal Code: 77-777');
INSERT INTO ADDRESS (id, town, street, postal_code) values(76,'Town Name: 76', 'Street name: 76','Postal Code: 77-777');
INSERT INTO ADDRESS (id, town, street, postal_code) values(77,'Town Name: 77', 'Street name: 77','Postal Code: 77-777');
INSERT INTO ADDRESS (id, town, street, postal_code) values(78,'Town Name: 78', 'Street name: 78','Postal Code: 77-777');
INSERT INTO ADDRESS (id, town, street, postal_code) values(79,'Town Name: 79', 'Street name: 79','Postal Code: 77-777');
INSERT INTO ADDRESS (id, town, street, postal_code) values(80,'Town Name: 80', 'Street name: 80','Postal Code: 88-888');
INSERT INTO ADDRESS (id, town, street, postal_code) values(81,'Town Name: 81', 'Street name: 81','Postal Code: 88-888');
INSERT INTO ADDRESS (id, town, street, postal_code) values(82,'Town Name: 82', 'Street name: 82','Postal Code: 88-888');
INSERT INTO ADDRESS (id, town, street, postal_code) values(83,'Town Name: 83', 'Street name: 83','Postal Code: 88-888');
INSERT INTO ADDRESS (id, town, street, postal_code) values(84,'Town Name: 84', 'Street name: 84','Postal Code: 88-888');
INSERT INTO ADDRESS (id, town, street, postal_code) values(85,'Town Name: 85', 'Street name: 85','Postal Code: 88-888');
INSERT INTO ADDRESS (id, town, street, postal_code) values(86,'Town Name: 86', 'Street name: 86','Postal Code: 88-888');
INSERT INTO ADDRESS (id, town, street, postal_code) values(87,'Town Name: 87', 'Street name: 87','Postal Code: 88-888');
INSERT INTO ADDRESS (id, town, street, postal_code) values(88,'Town Name: 88', 'Street name: 88','Postal Code: 88-888');
INSERT INTO ADDRESS (id, town, street, postal_code) values(89,'Town Name: 89', 'Street name: 89','Postal Code: 88-888');
INSERT INTO ADDRESS (id, town, street, postal_code) values(90,'Town Name: 90', 'Street name: 90','Postal Code: 99-999');
INSERT INTO ADDRESS (id, town, street, postal_code) values(91,'Town Name: 91', 'Street name: 91','Postal Code: 99-999');
INSERT INTO ADDRESS (id, town, street, postal_code) values(92,'Town Name: 92', 'Street name: 92','Postal Code: 99-999');
INSERT INTO ADDRESS (id, town, street, postal_code) values(93,'Town Name: 93', 'Street name: 93','Postal Code: 99-999');
INSERT INTO ADDRESS (id, town, street, postal_code) values(94,'Town Name: 94', 'Street name: 94','Postal Code: 99-999');
INSERT INTO ADDRESS (id, town, street, postal_code) values(95,'Town Name: 95', 'Street name: 95','Postal Code: 99-999');
INSERT INTO ADDRESS (id, town, street, postal_code) values(96,'Town Name: 96', 'Street name: 96','Postal Code: 99-999');
INSERT INTO ADDRESS (id, town, street, postal_code) values(97,'Town Name: 97', 'Street name: 97','Postal Code: 99-999');
INSERT INTO ADDRESS (id, town, street, postal_code) values(98,'Town Name: 98', 'Street name: 98','Postal Code: 99-999');
INSERT INTO ADDRESS (id, town, street, postal_code) values(99,'Town Name: 99', 'Street name: 99','Postal Code: 99-999');
INSERT INTO ADDRESS (id, town, street, postal_code) values(100,'Town Name: 100', 'Street name: 100','Postal Code: 1010-101010');
INSERT INTO LIBRARY (id, address_id, library_name, library_details) values(1,1, 'Library name: 1','Library details: 1');
INSERT INTO LIBRARY (id, address_id, library_name, library_details) values(2,1, 'Library name: 2','Library details: 2');
INSERT INTO LIBRARY (id, address_id, library_name, library_details) values(3,1, 'Library name: 3','Library details: 3');
INSERT INTO LIBRARY (id, address_id, library_name, library_details) values(4,1, 'Library name: 4','Library details: 4');
INSERT INTO LIBRARY (id, address_id, library_name, library_details) values(5,1, 'Library name: 5','Library details: 5');
INSERT INTO LIBRARY (id, address_id, library_name, library_details) values(6,1, 'Library name: 6','Library details: 6');
INSERT INTO LIBRARY (id, address_id, library_name, library_details) values(7,1, 'Library name: 7','Library details: 7');
INSERT INTO LIBRARY (id, address_id, library_name, library_details) values(8,1, 'Library name: 8','Library details: 8');
INSERT INTO LIBRARY (id, address_id, library_name, library_details) values(9,1, 'Library name: 9','Library details: 9');
INSERT INTO LIBRARY (id, address_id, library_name, library_details) values(10,2, 'Library name: 10','Library details: 10');
INSERT INTO LIBRARY (id, address_id, library_name, library_details) values(11,2, 'Library name: 11','Library details: 11');
INSERT INTO LIBRARY (id, address_id, library_name, library_details) values(12,2, 'Library name: 12','Library details: 12');
INSERT INTO LIBRARY (id, address_id, library_name, library_details) values(13,2, 'Library name: 13','Library details: 13');
INSERT INTO LIBRARY (id, address_id, library_name, library_details) values(14,2, 'Library name: 14','Library details: 14');
INSERT INTO LIBRARY (id, address_id, library_name, library_details) values(15,2, 'Library name: 15','Library details: 15');
INSERT INTO LIBRARY (id, address_id, library_name, library_details) values(16,2, 'Library name: 16','Library details: 16');
INSERT INTO LIBRARY (id, address_id, library_name, library_details) values(17,2, 'Library name: 17','Library details: 17');
INSERT INTO LIBRARY (id, address_id, library_name, library_details) values(18,2, 'Library name: 18','Library details: 18');
INSERT INTO LIBRARY (id, address_id, library_name, library_details) values(19,2, 'Library name: 19','Library details: 19');
INSERT INTO LIBRARY (id, address_id, library_name, library_details) values(20,3, 'Library name: 20','Library details: 20');
INSERT INTO LIBRARY (id, address_id, library_name, library_details) values(21,3, 'Library name: 21','Library details: 21');
INSERT INTO LIBRARY (id, address_id, library_name, library_details) values(22,3, 'Library name: 22','Library details: 22');
INSERT INTO LIBRARY (id, address_id, library_name, library_details) values(23,3, 'Library name: 23','Library details: 23');
INSERT INTO LIBRARY (id, address_id, library_name, library_details) values(24,3, 'Library name: 24','Library details: 24');
INSERT INTO LIBRARY (id, address_id, library_name, library_details) values(25,3, 'Library name: 25','Library details: 25');
INSERT INTO LIBRARY (id, address_id, library_name, library_details) values(26,3, 'Library name: 26','Library details: 26');
INSERT INTO LIBRARY (id, address_id, library_name, library_details) values(27,3, 'Library name: 27','Library details: 27');
INSERT INTO LIBRARY (id, address_id, library_name, library_details) values(28,3, 'Library name: 28','Library details: 28');
INSERT INTO LIBRARY (id, address_id, library_name, library_details) values(29,3, 'Library name: 29','Library details: 29');
INSERT INTO LIBRARY (id, address_id, library_name, library_details) values(30,4, 'Library name: 30','Library details: 30');
INSERT INTO LIBRARY (id, address_id, library_name, library_details) values(31,4, 'Library name: 31','Library details: 31');
INSERT INTO LIBRARY (id, address_id, library_name, library_details) values(32,4, 'Library name: 32','Library details: 32');
INSERT INTO LIBRARY (id, address_id, library_name, library_details) values(33,4, 'Library name: 33','Library details: 33');
INSERT INTO LIBRARY (id, address_id, library_name, library_details) values(34,4, 'Library name: 34','Library details: 34');
INSERT INTO LIBRARY (id, address_id, library_name, library_details) values(35,4, 'Library name: 35','Library details: 35');
INSERT INTO LIBRARY (id, address_id, library_name, library_details) values(36,4, 'Library name: 36','Library details: 36');
INSERT INTO LIBRARY (id, address_id, library_name, library_details) values(37,4, 'Library name: 37','Library details: 37');
INSERT INTO LIBRARY (id, address_id, library_name, library_details) values(38,4, 'Library name: 38','Library details: 38');
INSERT INTO LIBRARY (id, address_id, library_name, library_details) values(39,4, 'Library name: 39','Library details: 39');
INSERT INTO LIBRARY (id, address_id, library_name, library_details) values(40,5, 'Library name: 40','Library details: 40');
INSERT INTO LIBRARY (id, address_id, library_name, library_details) values(41,5, 'Library name: 41','Library details: 41');
INSERT INTO LIBRARY (id, address_id, library_name, library_details) values(42,5, 'Library name: 42','Library details: 42');
INSERT INTO LIBRARY (id, address_id, library_name, library_details) values(43,5, 'Library name: 43','Library details: 43');
INSERT INTO LIBRARY (id, address_id, library_name, library_details) values(44,5, 'Library name: 44','Library details: 44');
INSERT INTO LIBRARY (id, address_id, library_name, library_details) values(45,5, 'Library name: 45','Library details: 45');
INSERT INTO LIBRARY (id, address_id, library_name, library_details) values(46,5, 'Library name: 46','Library details: 46');
INSERT INTO LIBRARY (id, address_id, library_name, library_details) values(47,5, 'Library name: 47','Library details: 47');
INSERT INTO LIBRARY (id, address_id, library_name, library_details) values(48,5, 'Library name: 48','Library details: 48');
INSERT INTO LIBRARY (id, address_id, library_name, library_details) values(49,5, 'Library name: 49','Library details: 49');
INSERT INTO LIBRARY (id, address_id, library_name, library_details) values(50,6, 'Library name: 50','Library details: 50');
INSERT INTO LIBRARY (id, address_id, library_name, library_details) values(51,6, 'Library name: 51','Library details: 51');
INSERT INTO LIBRARY (id, address_id, library_name, library_details) values(52,6, 'Library name: 52','Library details: 52');
INSERT INTO LIBRARY (id, address_id, library_name, library_details) values(53,6, 'Library name: 53','Library details: 53');
INSERT INTO LIBRARY (id, address_id, library_name, library_details) values(54,6, 'Library name: 54','Library details: 54');
INSERT INTO LIBRARY (id, address_id, library_name, library_details) values(55,6, 'Library name: 55','Library details: 55');
INSERT INTO LIBRARY (id, address_id, library_name, library_details) values(56,6, 'Library name: 56','Library details: 56');
INSERT INTO LIBRARY (id, address_id, library_name, library_details) values(57,6, 'Library name: 57','Library details: 57');
INSERT INTO LIBRARY (id, address_id, library_name, library_details) values(58,6, 'Library name: 58','Library details: 58');
INSERT INTO LIBRARY (id, address_id, library_name, library_details) values(59,6, 'Library name: 59','Library details: 59');
INSERT INTO LIBRARY (id, address_id, library_name, library_details) values(60,7, 'Library name: 60','Library details: 60');
INSERT INTO LIBRARY (id, address_id, library_name, library_details) values(61,7, 'Library name: 61','Library details: 61');
INSERT INTO LIBRARY (id, address_id, library_name, library_details) values(62,7, 'Library name: 62','Library details: 62');
INSERT INTO LIBRARY (id, address_id, library_name, library_details) values(63,7, 'Library name: 63','Library details: 63');
INSERT INTO LIBRARY (id, address_id, library_name, library_details) values(64,7, 'Library name: 64','Library details: 64');
INSERT INTO LIBRARY (id, address_id, library_name, library_details) values(65,7, 'Library name: 65','Library details: 65');
INSERT INTO LIBRARY (id, address_id, library_name, library_details) values(66,7, 'Library name: 66','Library details: 66');
INSERT INTO LIBRARY (id, address_id, library_name, library_details) values(67,7, 'Library name: 67','Library details: 67');
INSERT INTO LIBRARY (id, address_id, library_name, library_details) values(68,7, 'Library name: 68','Library details: 68');
INSERT INTO LIBRARY (id, address_id, library_name, library_details) values(69,7, 'Library name: 69','Library details: 69');
INSERT INTO LIBRARY (id, address_id, library_name, library_details) values(70,8, 'Library name: 70','Library details: 70');
INSERT INTO LIBRARY (id, address_id, library_name, library_details) values(71,8, 'Library name: 71','Library details: 71');
INSERT INTO LIBRARY (id, address_id, library_name, library_details) values(72,8, 'Library name: 72','Library details: 72');
INSERT INTO LIBRARY (id, address_id, library_name, library_details) values(73,8, 'Library name: 73','Library details: 73');
INSERT INTO LIBRARY (id, address_id, library_name, library_details) values(74,8, 'Library name: 74','Library details: 74');
INSERT INTO LIBRARY (id, address_id, library_name, library_details) values(75,8, 'Library name: 75','Library details: 75');
INSERT INTO LIBRARY (id, address_id, library_name, library_details) values(76,8, 'Library name: 76','Library details: 76');
INSERT INTO LIBRARY (id, address_id, library_name, library_details) values(77,8, 'Library name: 77','Library details: 77');
INSERT INTO LIBRARY (id, address_id, library_name, library_details) values(78,8, 'Library name: 78','Library details: 78');
INSERT INTO LIBRARY (id, address_id, library_name, library_details) values(79,8, 'Library name: 79','Library details: 79');
INSERT INTO LIBRARY (id, address_id, library_name, library_details) values(80,9, 'Library name: 80','Library details: 80');
INSERT INTO LIBRARY (id, address_id, library_name, library_details) values(81,9, 'Library name: 81','Library details: 81');
INSERT INTO LIBRARY (id, address_id, library_name, library_details) values(82,9, 'Library name: 82','Library details: 82');
INSERT INTO LIBRARY (id, address_id, library_name, library_details) values(83,9, 'Library name: 83','Library details: 83');
INSERT INTO LIBRARY (id, address_id, library_name, library_details) values(84,9, 'Library name: 84','Library details: 84');
INSERT INTO LIBRARY (id, address_id, library_name, library_details) values(85,9, 'Library name: 85','Library details: 85');
INSERT INTO LIBRARY (id, address_id, library_name, library_details) values(86,9, 'Library name: 86','Library details: 86');
INSERT INTO LIBRARY (id, address_id, library_name, library_details) values(87,9, 'Library name: 87','Library details: 87');
INSERT INTO LIBRARY (id, address_id, library_name, library_details) values(88,9, 'Library name: 88','Library details: 88');
INSERT INTO LIBRARY (id, address_id, library_name, library_details) values(89,9, 'Library name: 89','Library details: 89');
INSERT INTO LIBRARY (id, address_id, library_name, library_details) values(90,10, 'Library name: 90','Library details: 90');
INSERT INTO LIBRARY (id, address_id, library_name, library_details) values(91,10, 'Library name: 91','Library details: 91');
INSERT INTO LIBRARY (id, address_id, library_name, library_details) values(92,10, 'Library name: 92','Library details: 92');
INSERT INTO LIBRARY (id, address_id, library_name, library_details) values(93,10, 'Library name: 93','Library details: 93');
INSERT INTO LIBRARY (id, address_id, library_name, library_details) values(94,10, 'Library name: 94','Library details: 94');
INSERT INTO LIBRARY (id, address_id, library_name, library_details) values(95,10, 'Library name: 95','Library details: 95');
INSERT INTO LIBRARY (id, address_id, library_name, library_details) values(96,10, 'Library name: 96','Library details: 96');
INSERT INTO LIBRARY (id, address_id, library_name, library_details) values(97,10, 'Library name: 97','Library details: 97');
INSERT INTO LIBRARY (id, address_id, library_name, library_details) values(98,10, 'Library name: 98','Library details: 98');
INSERT INTO LIBRARY (id, address_id, library_name, library_details) values(99,10, 'Library name: 99','Library details: 99');
INSERT INTO LIBRARY (id, address_id, library_name, library_details) values(100,11, 'Library name: 100','Library details: 100');